{
    "Scene Name": "Nordic World",
    "Script Name": "scenes/nordic_world.lua",
    "camera": {
        "position": {
            "value0": 87.6114730834961,
            "value1": 10.988310813903809,
            "value2": -87.80615997314453
        },
        "forward": {
            "value0": -0.41070160269737246,
            "value1": -0.15126106142997743,
            "value2": -0.8991353511810303
        },
        "up": {
            "value0": -0.06284628063440323,
            "value1": 0.9884939193725586,
            "value2": -0.1375872641801834
        },
        "right": {
            "value0": 0.9096013307571411,
            "value1": 0.0,
            "value2": -0.41548219323158266
        },
        "pitch": -8.700014114379883,
        "yaw": -474.5496826171875,
        "fov": 65.0,
        "aspect": 1.2999999523162842,
        "near": 0.009999999776482582,
        "far": 1000.0,
        "projection": {
            "value0": {
                "value0": 1.2074503898620606,
                "value1": 0.0,
                "value2": 0.0,
                "value3": 0.0
            },
            "value1": {
                "value0": 0.0,
                "value1": 1.569685459136963,
                "value2": 0.0,
                "value3": 0.0
            },
            "value2": {
                "value0": 0.0,
                "value1": 0.0,
                "value2": -1.0000200271606446,
                "value3": -1.0
            },
            "value3": {
                "value0": 0.0,
                "value1": 0.0,
                "value2": -0.02000020071864128,
                "value3": 0.0
            }
        },
        "view": {
            "value0": {
                "value0": 0.9096020460128784,
                "value1": -0.06284667551517487,
                "value2": 0.41069984436035159,
                "value3": 0.0
            },
            "value1": {
                "value0": 2.793967439629341e-7,
                "value1": 0.9884936809539795,
                "value2": 0.15126203000545503,
                "value3": 0.0
            },
            "value2": {
                "value0": -0.41548049449920657,
                "value1": -0.13758812844753266,
                "value2": 0.899135947227478,
                "value3": 0.0
            },
            "value3": {
                "value0": -116.17332458496094,
                "value1": -17.436870574951173,
                "value2": 41.305545806884769,
                "value3": 1.0
            }
        },
        "forwardDir": 0.0,
        "rightDir": 0.0
    }
}