{
    "Scene Name": "Nordic World",
    "Script Name": "scenes/nordic_world.lua",
    "camera": {
        "position": {
            "value0": 427.8862609863281,
            "value1": -11.120288848876954,
            "value2": -256.1686096191406
        },
        "forward": {
            "value0": 0.9901715517044067,
            "value1": -0.13917329907417298,
            "value2": 0.013826302252709866
        },
        "up": {
            "value0": 0.13915972411632539,
            "value1": 0.9902680516242981,
            "value2": 0.00194316275883466
        },
        "right": {
            "value0": -0.013962180353701115,
            "value1": 0.0,
            "value2": 0.9999024868011475
        },
        "pitch": -8.000011444091797,
        "yaw": 0.8000000715255737,
        "fov": 65.0,
        "aspect": 1.2999999523162842,
        "near": 0.009999999776482582,
        "far": 1000.0,
        "projection": {
            "value0": {
                "value0": 1.2074503898620606,
                "value1": 0.0,
                "value2": 0.0,
                "value3": 0.0
            },
            "value1": {
                "value0": 0.0,
                "value1": 1.569685459136963,
                "value2": 0.0,
                "value3": 0.0
            },
            "value2": {
                "value0": 0.0,
                "value1": 0.0,
                "value2": -1.0000200271606446,
                "value3": -1.0
            },
            "value3": {
                "value0": 0.0,
                "value1": 0.0,
                "value2": -0.02000020071864128,
                "value3": 0.0
            }
        },
        "view": {
            "value0": {
                "value0": -0.013960335403680802,
                "value1": 0.139159694314003,
                "value2": -0.9901715517044067,
                "value3": 0.0
            },
            "value1": {
                "value0": -2.594897523522377e-7,
                "value1": 0.9902681112289429,
                "value2": 0.1391732543706894,
                "value3": 0.0
            },
            "value2": {
                "value0": 0.999902606010437,
                "value1": 0.0019431622931733728,
                "value2": -0.013824437744915486,
                "value3": 0.0
            },
            "value3": {
                "value0": 262.1170654296875,
                "value1": -48.0346794128418,
                "value2": 421.68707275390627,
                "value3": 1.0
            }
        },
        "forwardDir": 0.0,
        "rightDir": 0.0
    }
}