{
    "Scene Name": "Nordic World",
    "Script Name": "scenes/nordic_world.lua",
    "camera": {
        "position": {
            "value0": 44.86060333251953,
            "value1": 25.55069351196289,
            "value2": -212.997314453125
        },
        "forward": {
            "value0": 0.5730302929878235,
            "value1": -0.08280821144580841,
            "value2": -0.8153398633003235
        },
        "up": {
            "value0": 0.04761515185236931,
            "value1": 0.9965655207633972,
            "value2": -0.0677495226264
        },
        "right": {
            "value0": 0.8181498050689697,
            "value1": -0.0,
            "value2": 0.5750051736831665
        },
        "pitch": -4.750000476837158,
        "yaw": -54.90000915527344,
        "fov": 65.0,
        "aspect": 1.2999999523162842,
        "near": 0.009999999776482582,
        "far": 1000.0,
        "projection": {
            "value0": {
                "value0": 1.2074503898620606,
                "value1": 0.0,
                "value2": 0.0,
                "value3": 0.0
            },
            "value1": {
                "value0": 0.0,
                "value1": 1.569685459136963,
                "value2": 0.0,
                "value3": 0.0
            },
            "value2": {
                "value0": 0.0,
                "value1": 0.0,
                "value2": -1.0000200271606446,
                "value3": -1.0
            },
            "value3": {
                "value0": 0.0,
                "value1": 0.0,
                "value2": -0.02000020071864128,
                "value3": 0.0
            }
        },
        "view": {
            "value0": {
                "value0": 0.8181500434875488,
                "value1": 0.04761488363146782,
                "value2": -0.5730299949645996,
                "value3": 0.0
            },
            "value1": {
                "value0": -3.725290298461914e-8,
                "value1": 0.996565580368042,
                "value2": 0.0828077495098114,
                "value3": 0.0
            },
            "value2": {
                "value0": 0.5750048160552979,
                "value1": -0.06774914264678955,
                "value2": 0.8153401613235474,
                "value3": 0.0
            },
            "value3": {
                "value0": 85.77177429199219,
                "value1": -42.02935791015625,
                "value2": 197.25595092773438,
                "value3": 1.0
            }
        },
        "forwardDir": 0.0,
        "rightDir": 0.0
    }
}