{
    "Scene Name": "Nordic World",
    "Script Name": "scenes/nordic_world.lua",
    "camera": {
        "position": {
            "value0": 0.0,
            "value1": 16.617645263671876,
            "value2": 2.0
        },
        "forward": {
            "value0": -0.022687284275889398,
            "value1": -0.0017453283071517945,
            "value2": -0.9997410774230957
        },
        "up": {
            "value0": -0.000039596823626197877,
            "value1": 0.9999985694885254,
            "value2": -0.001744879293255508
        },
        "right": {
            "value0": 0.9997426271438599,
            "value1": 0.0,
            "value2": -0.022687319666147233
        },
        "pitch": -0.10000000149011612,
        "yaw": -91.30000305175781,
        "fov": 65.0,
        "aspect": 1.2999999523162842,
        "near": 0.009999999776482582,
        "far": 1000.0,
        "projection": {
            "value0": {
                "value0": 1.2074503898620606,
                "value1": 0.0,
                "value2": 0.0,
                "value3": 0.0
            },
            "value1": {
                "value0": 0.0,
                "value1": 1.569685459136963,
                "value2": 0.0,
                "value3": 0.0
            },
            "value2": {
                "value0": 0.0,
                "value1": 0.0,
                "value2": -1.0000200271606446,
                "value3": -1.0
            },
            "value3": {
                "value0": 0.0,
                "value1": 0.0,
                "value2": -0.02000020071864128,
                "value3": 0.0
            }
        },
        "view": {
            "value0": {
                "value0": 0.9997426867485046,
                "value1": -0.000039594458939973268,
                "value2": 0.022687284275889398,
                "value3": 0.0
            },
            "value1": {
                "value0": 0.0,
                "value1": 0.9999985098838806,
                "value2": 0.0017452239990234376,
                "value3": 0.0
            },
            "value2": {
                "value0": -0.02268732152879238,
                "value1": -0.001744774985127151,
                "value2": 0.9997410774230957,
                "value3": 0.0
            },
            "value3": {
                "value0": 0.04537464305758476,
                "value1": -16.6141300201416,
                "value2": -2.0284836292266847,
                "value3": 1.0
            }
        },
        "forwardDir": 0.0,
        "rightDir": 0.0
    }
}