{
    "Scene Name": "sandbox",
    "Script Name": "scripts/scenes/sandbox.lua",
    "camera": {
        "position": {
            "value0": -28.27306365966797,
            "value1": 2.753080368041992,
            "value2": -48.108184814453128
        },
        "forward": {
            "value0": 0.46943891048431399,
            "value1": 0.0034906230866909029,
            "value2": 0.8829580545425415
        },
        "up": {
            "value0": -0.0016386444913223386,
            "value1": 0.9999939799308777,
            "value2": -0.0030820928514003755
        },
        "right": {
            "value0": -0.8829634189605713,
            "value1": 0.0,
            "value2": 0.4694417715072632
        },
        "pitch": 0.1999983787536621,
        "yaw": -297.9980773925781,
        "fov": 45.0,
        "aspect": 1.7777777910232545,
        "near": 1.0,
        "far": 10000.0,
        "projection": {
            "value0": {
                "value0": 1.3579951524734498,
                "value1": 0.0,
                "value2": 0.0,
                "value3": 0.0
            },
            "value1": {
                "value0": 0.0,
                "value1": 2.4142134189605715,
                "value2": 0.0,
                "value3": 0.0
            },
            "value2": {
                "value0": 0.0,
                "value1": 0.0,
                "value2": -1.0002000331878663,
                "value3": -1.0
            },
            "value3": {
                "value0": 0.0,
                "value1": 0.0,
                "value2": -2.000200033187866,
                "value3": 0.0
            }
        },
        "view": {
            "value0": {
                "value0": -0.8829635381698608,
                "value1": -0.0016386754577979446,
                "value2": -0.4694388806819916,
                "value3": 0.0
            },
            "value1": {
                "value0": -2.3283064365386965e-10,
                "value1": 0.9999940395355225,
                "value2": -0.0034906889777630569,
                "value3": 0.0
            },
            "value2": {
                "value0": 0.4694417715072632,
                "value1": -0.003082151059061289,
                "value2": -0.8829581141471863,
                "value3": 0.0
            },
            "value3": {
                "value0": -2.3800926208496095,
                "value1": -2.9476709365844728,
                "value2": -55.740379333496097,
                "value3": 1.0
            }
        },
        "forwardDir": 0.0,
        "rightDir": 0.0
    }
}