{
    "Scene Name": "sandbox",
    "Script Name": "scripts/scenes/sandbox.lua",
    "camera": {
        "position": {
            "value0": 2.586140226412681e-7,
            "value1": 2.750999927520752,
            "value2": 3.4755697697619328e-7
        },
        "forward": {
            "value0": -4.371138828673793e-8,
            "value1": 0.0,
            "value2": -1.0
        },
        "up": {
            "value0": 0.0,
            "value1": 1.0,
            "value2": 0.0
        },
        "right": {
            "value0": 1.0,
            "value1": 0.0,
            "value2": -4.371138828673793e-8
        },
        "pitch": 0.0,
        "yaw": -90.0,
        "fov": 45.0,
        "aspect": 1.7777777910232545,
        "near": 1.0,
        "far": 10000.0,
        "projection": {
            "value0": {
                "value0": 1.3579951524734498,
                "value1": 0.0,
                "value2": 0.0,
                "value3": 0.0
            },
            "value1": {
                "value0": 0.0,
                "value1": 2.4142134189605715,
                "value2": 0.0,
                "value3": 0.0
            },
            "value2": {
                "value0": 0.0,
                "value1": 0.0,
                "value2": -1.0002000331878663,
                "value3": -1.0
            },
            "value3": {
                "value0": 0.0,
                "value1": 0.0,
                "value2": -2.000200033187866,
                "value3": 0.0
            }
        },
        "view": {
            "value0": {
                "value0": 1.0,
                "value1": 0.0,
                "value2": 4.3711395392165289e-8,
                "value3": 0.0
            },
            "value1": {
                "value0": 0.0,
                "value1": 1.0,
                "value2": -0.0,
                "value3": 0.0
            },
            "value2": {
                "value0": -4.3711395392165289e-8,
                "value1": 0.0,
                "value2": 1.0,
                "value3": 0.0
            },
            "value3": {
                "value0": -2.5861399421955868e-7,
                "value1": -2.750999927520752,
                "value2": -3.4755697697619328e-7,
                "value3": 1.0
            }
        },
        "forwardDir": 0.0,
        "rightDir": 0.0
    }
}