{
    "Scene Name": "sandbox",
    "Script Name": "scripts/scenes/sandbox.lua",
    "camera": {
        "position": {
            "value0": 3.0,
            "value1": 5.0,
            "value2": -22.0
        },
        "forward": {
            "value0": -0.17476600408554078,
            "value1": -0.21132487058639527,
            "value2": 0.9616644978523254
        },
        "up": {
            "value0": -0.037785764783620837,
            "value1": 0.9774159789085388,
            "value2": 0.20791932940483094
        },
        "right": {
            "value0": -0.9838846921920776,
            "value1": 0.0,
            "value2": -0.17880414426326753
        },
        "pitch": -12.200004577636719,
        "yaw": 100.30010986328125,
        "fov": 45.0,
        "aspect": 1.7777777910232545,
        "near": 1.0,
        "far": 10000.0,
        "projection": {
            "value0": {
                "value0": 1.3579951524734498,
                "value1": 0.0,
                "value2": 0.0,
                "value3": 0.0
            },
            "value1": {
                "value0": 0.0,
                "value1": 2.4142134189605715,
                "value2": 0.0,
                "value3": 0.0
            },
            "value2": {
                "value0": 0.0,
                "value1": 0.0,
                "value2": -1.0002000331878663,
                "value3": -1.0
            },
            "value3": {
                "value0": 0.0,
                "value1": 0.0,
                "value2": -2.000200033187866,
                "value3": 0.0
            }
        },
        "view": {
            "value0": {
                "value0": -0.9838846921920776,
                "value1": -0.037785742431879047,
                "value2": 0.17476612329483033,
                "value3": 0.0
            },
            "value1": {
                "value0": 2.607702853651972e-8,
                "value1": 0.9774159789085388,
                "value2": 0.2113247662782669,
                "value3": 0.0
            },
            "value2": {
                "value0": -0.17880426347255708,
                "value1": 0.2079191952943802,
                "value2": -0.9616645574569702,
                "value3": 0.0
            },
            "value3": {
                "value0": -0.9820401668548584,
                "value1": -0.19950056076049806,
                "value2": -22.73754119873047,
                "value3": 1.0
            }
        },
        "forwardDir": 0.0,
        "rightDir": 0.0
    }
}