{
    "Scene Name": "sandbox",
    "Script Name": "scripts/scenes/sandbox.lua",
    "camera": {
        "position": {
            "value0": -20.86961555480957,
            "value1": 26.114337921142579,
            "value2": -124.2484130859375
        },
        "forward": {
            "value0": 0.011919104494154454,
            "value1": -0.21899448335170747,
            "value2": 0.9756532907485962
        },
        "up": {
            "value0": 0.002675154712051153,
            "value1": 0.9757261872291565,
            "value2": 0.2189781665802002
        },
        "right": {
            "value0": -0.9999253749847412,
            "value1": 0.0,
            "value2": 0.012215625494718552
        },
        "pitch": -12.649980545043946,
        "yaw": 89.30007934570313,
        "fov": 45.0,
        "aspect": 1.7777777910232545,
        "near": 1.0,
        "far": 10000.0,
        "projection": {
            "value0": {
                "value0": 1.3579951524734498,
                "value1": 0.0,
                "value2": 0.0,
                "value3": 0.0
            },
            "value1": {
                "value0": 0.0,
                "value1": 2.4142134189605715,
                "value2": 0.0,
                "value3": 0.0
            },
            "value2": {
                "value0": 0.0,
                "value1": 0.0,
                "value2": -1.0002000331878663,
                "value3": -1.0
            },
            "value3": {
                "value0": 0.0,
                "value1": 0.0,
                "value2": -2.000200033187866,
                "value3": 0.0
            }
        },
        "view": {
            "value0": {
                "value0": -0.999925434589386,
                "value1": 0.0026751472614705564,
                "value2": -0.011919007636606694,
                "value3": 0.0
            },
            "value1": {
                "value0": 2.1420419216156007e-8,
                "value1": 0.9757262468338013,
                "value2": 0.2189938724040985,
                "value3": 0.0
            },
            "value2": {
                "value0": 0.01221553049981594,
                "value1": 0.21897754073143006,
                "value2": -0.9756534099578857,
                "value3": 0.0
            },
            "value3": {
                "value0": -19.350299835205079,
                "value1": 1.7829952239990235,
                "value2": -127.1910171508789,
                "value3": 1.0
            }
        },
        "forwardDir": 0.0,
        "rightDir": 0.0
    }
}