{
    "Scene Name": "sandbox",
    "Script Name": "scripts/scenes/sandbox.lua",
    "camera": {
        "position": {
            "value0": -23.049274444580079,
            "value1": 8.689516067504883,
            "value2": -3.166254997253418
        },
        "forward": {
            "value0": -0.8751290440559387,
            "value1": -0.2865261435508728,
            "value2": -0.3899383842945099
        },
        "up": {
            "value0": -0.2617206573486328,
            "value1": 0.9580724835395813,
            "value2": -0.11661701649427414
        },
        "right": {
            "value0": 0.4070030450820923,
            "value1": 0.0,
            "value2": -0.9134268164634705
        },
        "pitch": -16.650094985961915,
        "yaw": -875.9832763671875,
        "fov": 45.0,
        "aspect": 1.7777777910232545,
        "near": 1.0,
        "far": 10000.0,
        "projection": {
            "value0": {
                "value0": 1.3579951524734498,
                "value1": 0.0,
                "value2": 0.0,
                "value3": 0.0
            },
            "value1": {
                "value0": 0.0,
                "value1": 2.4142134189605715,
                "value2": 0.0,
                "value3": 0.0
            },
            "value2": {
                "value0": 0.0,
                "value1": 0.0,
                "value2": -1.0002000331878663,
                "value3": -1.0
            },
            "value3": {
                "value0": 0.0,
                "value1": 0.0,
                "value2": -2.000200033187866,
                "value3": 0.0
            }
        },
        "view": {
            "value0": {
                "value0": 0.4070028066635132,
                "value1": -0.2617201507091522,
                "value2": 0.8751292824745178,
                "value3": 0.0
            },
            "value1": {
                "value0": -8.940696716308594e-8,
                "value1": 0.9580726027488709,
                "value2": 0.28652557730674746,
                "value3": 0.0
            },
            "value2": {
                "value0": -0.91342693567276,
                "value1": -0.11661679297685623,
                "value2": 0.3899381756782532,
                "value3": 0.0
            },
            "value3": {
                "value0": 6.488978385925293,
                "value1": -14.726885795593262,
                "value2": 18.915969848632814,
                "value3": 1.0
            }
        },
        "forwardDir": 0.0,
        "rightDir": 0.0
    }
}