{
    "Scene Name": "sandbox",
    "Script Name": "scripts/scenes/sandbox.lua",
    "camera": {
        "position": {
            "value0": -21.352577209472658,
            "value1": 4.656721115112305,
            "value2": 30.874839782714845
        },
        "forward": {
            "value0": 0.06758736073970795,
            "value1": -0.11146899312734604,
            "value2": 0.9914668798446655
        },
        "up": {
            "value0": 0.0075811417773365978,
            "value1": 0.9937679171562195,
            "value2": 0.111210897564888
        },
        "right": {
            "value0": -0.9976844787597656,
            "value1": 0.0,
            "value2": 0.06801120936870575
        },
        "pitch": -6.400003433227539,
        "yaw": -273.8997802734375,
        "fov": 45.0,
        "aspect": 1.7777777910232545,
        "near": 1.0,
        "far": 10000.0,
        "projection": {
            "value0": {
                "value0": 1.3579951524734498,
                "value1": 0.0,
                "value2": 0.0,
                "value3": 0.0
            },
            "value1": {
                "value0": 0.0,
                "value1": 2.4142134189605715,
                "value2": 0.0,
                "value3": 0.0
            },
            "value2": {
                "value0": 0.0,
                "value1": 0.0,
                "value2": -1.0002000331878663,
                "value3": -1.0
            },
            "value3": {
                "value0": 0.0,
                "value1": 0.0,
                "value2": -2.000200033187866,
                "value3": 0.0
            }
        },
        "view": {
            "value0": {
                "value0": -0.9976846575737,
                "value1": 0.007581131998449564,
                "value2": -0.06758692860603333,
                "value3": 0.0
            },
            "value1": {
                "value0": 4.889443516731262e-8,
                "value1": 0.993768036365509,
                "value2": 0.1114688441157341,
                "value3": 0.0
            },
            "value2": {
                "value0": 0.06801078468561173,
                "value1": 0.11121075600385666,
                "value2": -0.9914669990539551,
                "value3": 0.0
            },
            "value3": {
                "value0": -23.40296173095703,
                "value1": -7.899438381195068,
                "value2": 28.649150848388673,
                "value3": 1.0
            }
        },
        "forwardDir": 0.0,
        "rightDir": 0.0
    }
}