{
    "Scene Name": "sandbox",
    "Script Name": "scripts/scenes/sandbox.lua",
    "camera": {
        "position": {
            "value0": 63.63410568237305,
            "value1": 95.70964813232422,
            "value2": -117.42288970947266
        },
        "forward": {
            "value0": -0.08706476539373398,
            "value1": -0.6593441367149353,
            "value2": 0.7467831373214722
        },
        "up": {
            "value0": -0.07635340839624405,
            "value1": 0.7518413662910461,
            "value2": 0.654908299446106
        },
        "right": {
            "value0": -0.9932722449302673,
            "value1": 0.0,
            "value2": -0.11580204963684082
        },
        "pitch": -41.249874114990237,
        "yaw": 96.64988708496094,
        "fov": 45.0,
        "aspect": 1.7777777910232545,
        "near": 1.0,
        "far": 10000.0,
        "projection": {
            "value0": {
                "value0": 1.3579951524734498,
                "value1": 0.0,
                "value2": 0.0,
                "value3": 0.0
            },
            "value1": {
                "value0": 0.0,
                "value1": 2.4142134189605715,
                "value2": 0.0,
                "value3": 0.0
            },
            "value2": {
                "value0": 0.0,
                "value1": 0.0,
                "value2": -1.0002000331878663,
                "value3": -1.0
            },
            "value3": {
                "value0": 0.0,
                "value1": 0.0,
                "value2": -2.000200033187866,
                "value3": 0.0
            }
        },
        "view": {
            "value0": {
                "value0": -0.9932721853256226,
                "value1": -0.0763537809252739,
                "value2": 0.08706662058830261,
                "value3": 0.0
            },
            "value1": {
                "value0": 0.0000014416873455047608,
                "value1": 0.7518386244773865,
                "value2": 0.6593472957611084,
                "value3": 0.0
            },
            "value2": {
                "value0": -0.11580370366573334,
                "value1": 0.654911458492279,
                "value2": -0.7467801570892334,
                "value3": 0.0
            },
            "value3": {
                "value0": 49.60784149169922,
                "value1": 9.802085876464844,
                "value2": -156.33538818359376,
                "value3": 1.0
            }
        },
        "forwardDir": 0.0,
        "rightDir": 0.0
    }
}