{
    "Scene Name": "sandbox",
    "Script Name": "scripts/scenes/sandbox.lua",
    "camera": {
        "position": {
            "value0": -20.30368423461914,
            "value1": 1.247855305671692,
            "value2": 29.5750675201416
        },
        "forward": {
            "value0": 0.09469150751829148,
            "value1": 0.1555761843919754,
            "value2": -0.9832749366760254
        },
        "up": {
            "value0": -0.014913330785930157,
            "value1": 0.9878239631652832,
            "value2": 0.1548597514629364
        },
        "right": {
            "value0": 0.9953950047492981,
            "value1": -0.0,
            "value2": 0.09585870057344437
        },
        "pitch": 8.950215339660645,
        "yaw": -84.49925231933594,
        "fov": 45.0,
        "aspect": 1.9028741121292115,
        "near": 1.0,
        "far": 10000.0,
        "projection": {
            "value0": {
                "value0": 1.2687195539474488,
                "value1": 0.0,
                "value2": 0.0,
                "value3": 0.0
            },
            "value1": {
                "value0": 0.0,
                "value1": 2.4142134189605715,
                "value2": 0.0,
                "value3": 0.0
            },
            "value2": {
                "value0": 0.0,
                "value1": 0.0,
                "value2": -1.0002000331878663,
                "value3": -1.0
            },
            "value3": {
                "value0": 0.0,
                "value1": 0.0,
                "value2": -2.000200033187866,
                "value3": 0.0
            }
        },
        "view": {
            "value0": {
                "value0": 0.9953949451446533,
                "value1": -0.014913341961801052,
                "value2": -0.09469227492809296,
                "value3": 0.0
            },
            "value1": {
                "value0": -1.1827795276531106e-7,
                "value1": 0.987824022769928,
                "value2": -0.15557630360126496,
                "value3": 0.0
            },
            "value2": {
                "value0": 0.09585944563150406,
                "value1": 0.15485988557338715,
                "value2": 0.9832749366760254,
                "value3": 0.0
            },
            "value3": {
                "value0": 17.375133514404298,
                "value1": -6.115448474884033,
                "value2": -30.808889389038087,
                "value3": 1.0
            }
        },
        "forwardDir": 0.0,
        "rightDir": 0.0
    }
}