{
    "Scene Name": "sandbox",
    "Script Name": "scripts/scenes/sandbox.lua",
    "camera": {
        "position": {
            "value0": -7.4425530433654789,
            "value1": 93.52923583984375,
            "value2": -140.22422790527345
        },
        "forward": {
            "value0": -0.008903552778065205,
            "value1": -0.3746090829372406,
            "value2": 0.9271401762962341
        },
        "up": {
            "value0": -0.0035972960758954288,
            "value1": 0.9271828532218933,
            "value2": 0.37459179759025576
        },
        "right": {
            "value0": -0.9999538660049439,
            "value1": 0.0,
            "value2": -0.009602800011634827
        },
        "pitch": -22.000152587890626,
        "yaw": 90.55020904541016,
        "fov": 45.0,
        "aspect": 1.7777777910232545,
        "near": 1.0,
        "far": 10000.0,
        "projection": {
            "value0": {
                "value0": 1.3579951524734498,
                "value1": 0.0,
                "value2": 0.0,
                "value3": 0.0
            },
            "value1": {
                "value0": 0.0,
                "value1": 2.4142134189605715,
                "value2": 0.0,
                "value3": 0.0
            },
            "value2": {
                "value0": 0.0,
                "value1": 0.0,
                "value2": -1.0002000331878663,
                "value3": -1.0
            },
            "value3": {
                "value0": 0.0,
                "value1": 0.0,
                "value2": -2.000200033187866,
                "value3": 0.0
            }
        },
        "view": {
            "value0": {
                "value0": -0.9999538660049439,
                "value1": -0.0035973135381937029,
                "value2": 0.008903504349291325,
                "value3": 0.0
            },
            "value1": {
                "value0": -1.5133990061144688e-8,
                "value1": 0.9271820783615112,
                "value2": 0.37461093068122866,
                "value3": 0.0
            },
            "value2": {
                "value0": -0.009602761827409268,
                "value1": 0.3745936453342438,
                "value2": -0.927139401435852,
                "value3": 0.0
            },
            "value3": {
                "value0": -8.788747787475586,
                "value1": -34.21829605102539,
                "value2": -164.97821044921876,
                "value3": 1.0
            }
        },
        "forwardDir": 0.0,
        "rightDir": 0.0
    }
}