{
    "Scene Name": "sandbox",
    "Script Name": "scripts/scenes/sandbox.lua",
    "camera": {
        "position": {
            "value0": -22.49591064453125,
            "value1": 2.750999927520752,
            "value2": 103.54291534423828
        },
        "forward": {
            "value0": 0.03733179718255997,
            "value1": -0.0923704281449318,
            "value2": 0.9950247406959534
        },
        "up": {
            "value0": 0.0034631595481187107,
            "value1": 0.9957247376441956,
            "value2": 0.09230548143386841
        },
        "right": {
            "value0": -0.9992969632148743,
            "value1": 0.0,
            "value2": 0.03749208524823189
        },
        "pitch": -5.299990177154541,
        "yaw": -272.1486511230469,
        "fov": 45.0,
        "aspect": 1.7777777910232545,
        "near": 1.0,
        "far": 10000.0,
        "projection": {
            "value0": {
                "value0": 1.3579951524734498,
                "value1": 0.0,
                "value2": 0.0,
                "value3": 0.0
            },
            "value1": {
                "value0": 0.0,
                "value1": 2.4142134189605715,
                "value2": 0.0,
                "value3": 0.0
            },
            "value2": {
                "value0": 0.0,
                "value1": 0.0,
                "value2": -1.0002000331878663,
                "value3": -1.0
            },
            "value3": {
                "value0": 0.0,
                "value1": 0.0,
                "value2": -2.000200033187866,
                "value3": 0.0
            }
        },
        "view": {
            "value0": {
                "value0": -0.9992969036102295,
                "value1": 0.003463159315288067,
                "value2": -0.03733249753713608,
                "value3": 0.0
            },
            "value1": {
                "value0": -6.495974247400227e-8,
                "value1": 0.9957247972488403,
                "value2": 0.0923704206943512,
                "value3": 0.0
            },
            "value2": {
                "value0": 0.0374927818775177,
                "value1": 0.09230547398328781,
                "value2": -0.9950246810913086,
                "value3": 0.0
            },
            "value3": {
                "value0": -26.362205505371095,
                "value1": -12.218910217285157,
                "value2": 101.9338150024414,
                "value3": 1.0
            }
        },
        "forwardDir": 0.0,
        "rightDir": 0.0
    }
}