{
    "Scene Name": "sandbox",
    "Script Name": "scripts/scenes/sandbox.lua",
    "camera": {
        "position": {
            "value0": -21.878273010253908,
            "value1": 2.7669806480407717,
            "value2": 89.85513305664063
        },
        "forward": {
            "value0": -0.17087839543819428,
            "value1": -0.045363977551460269,
            "value2": -0.9842472672462463
        },
        "up": {
            "value0": -0.007759712170809507,
            "value1": 0.9989705681800842,
            "value2": -0.04469538480043411
        },
        "right": {
            "value0": 0.9852616190910339,
            "value1": 0.0,
            "value2": -0.17105449736118318
        },
        "pitch": -2.6000566482543947,
        "yaw": -99.84913635253906,
        "fov": 45.0,
        "aspect": 1.7777777910232545,
        "near": 1.0,
        "far": 10000.0,
        "projection": {
            "value0": {
                "value0": 1.3579951524734498,
                "value1": 0.0,
                "value2": 0.0,
                "value3": 0.0
            },
            "value1": {
                "value0": 0.0,
                "value1": 2.4142134189605715,
                "value2": 0.0,
                "value3": 0.0
            },
            "value2": {
                "value0": 0.0,
                "value1": 0.0,
                "value2": -1.0002000331878663,
                "value3": -1.0
            },
            "value3": {
                "value0": 0.0,
                "value1": 0.0,
                "value2": -2.000200033187866,
                "value3": 0.0
            }
        },
        "view": {
            "value0": {
                "value0": 0.9852617383003235,
                "value1": -0.007759715896099806,
                "value2": 0.1708778291940689,
                "value3": 0.0
            },
            "value1": {
                "value0": 2.60770320892334e-8,
                "value1": 0.998970627784729,
                "value2": 0.04536399990320206,
                "value3": 0.0
            },
            "value2": {
                "value0": -0.1710539311170578,
                "value1": -0.0446954108774662,
                "value2": 0.9842473864555359,
                "value3": 0.0
            },
            "value3": {
                "value0": 36.925899505615237,
                "value1": 1.0822105407714844,
                "value2": -84.82669067382813,
                "value3": 1.0
            }
        },
        "forwardDir": 0.0,
        "rightDir": 0.0
    }
}