{
    "Scene Name": "sandbox",
    "Script Name": "scripts/scenes/sandbox.lua",
    "camera": {
        "position": {
            "value0": -66.0588150024414,
            "value1": 19.139612197875978,
            "value2": 26.844018936157228
        },
        "forward": {
            "value0": 0.5281174778938294,
            "value1": -0.37622395157814028,
            "value2": -0.7612801790237427
        },
        "up": {
            "value0": 0.2144460529088974,
            "value1": 0.926528811454773,
            "value2": -0.30912351608276369
        },
        "right": {
            "value0": 0.8216476440429688,
            "value1": -0.0,
            "value2": 0.5699957609176636
        },
        "pitch": -22.0999813079834,
        "yaw": -55.25006866455078,
        "fov": 45.0,
        "aspect": 1.7777777910232545,
        "near": 1.0,
        "far": 10000.0,
        "projection": {
            "value0": {
                "value0": 1.3579951524734498,
                "value1": 0.0,
                "value2": 0.0,
                "value3": 0.0
            },
            "value1": {
                "value0": 0.0,
                "value1": 2.4142134189605715,
                "value2": 0.0,
                "value3": 0.0
            },
            "value2": {
                "value0": 0.0,
                "value1": 0.0,
                "value2": -1.0002000331878663,
                "value3": -1.0
            },
            "value3": {
                "value0": 0.0,
                "value1": 0.0,
                "value2": -2.000200033187866,
                "value3": 0.0
            }
        },
        "view": {
            "value0": {
                "value0": 0.8216489553451538,
                "value1": 0.21444672346115113,
                "value2": -0.5281151533126831,
                "value3": 0.0
            },
            "value1": {
                "value0": -9.387730415255646e-7,
                "value1": 0.9265283346176148,
                "value2": 0.3762251138687134,
                "value3": 0.0
            },
            "value2": {
                "value0": 0.5699938535690308,
                "value1": -0.3091244697570801,
                "value2": 0.7612812519073486,
                "value3": 0.0
            },
            "value3": {
                "value0": 38.97624969482422,
                "value1": 4.730847358703613,
                "value2": -62.523311614990237,
                "value3": 1.0
            }
        },
        "forwardDir": 0.0,
        "rightDir": 0.0
    }
}