{
    "Scene Name": "sandbox",
    "Script Name": "scripts/scenes/sandbox.lua",
    "camera": {
        "position": {
            "value0": 21.40830421447754,
            "value1": 2.750999927520752,
            "value2": 1.247018559524804e-7
        },
        "forward": {
            "value0": -4.3711374075883216e-8,
            "value1": 0.0008726645028218627,
            "value2": -0.9999996423721314
        },
        "up": {
            "value0": 3.8145375746978519e-11,
            "value1": 0.9999996423721314,
            "value2": 0.0008726645028218627
        },
        "right": {
            "value0": 1.0,
            "value1": 0.0,
            "value2": -4.371138828673793e-8
        },
        "pitch": 0.05000000074505806,
        "yaw": -90.0,
        "fov": 45.0,
        "aspect": 1.7777777910232545,
        "near": 1.0,
        "far": 10000.0,
        "projection": {
            "value0": {
                "value0": 1.3579951524734498,
                "value1": 0.0,
                "value2": 0.0,
                "value3": 0.0
            },
            "value1": {
                "value0": 0.0,
                "value1": 2.4142134189605715,
                "value2": 0.0,
                "value3": 0.0
            },
            "value2": {
                "value0": 0.0,
                "value1": 0.0,
                "value2": -1.0002000331878663,
                "value3": -1.0
            },
            "value3": {
                "value0": 0.0,
                "value1": 0.0,
                "value2": -2.000200033187866,
                "value3": 0.0
            }
        },
        "view": {
            "value0": {
                "value0": 1.0,
                "value1": 3.8145375746978519e-11,
                "value2": -0.0,
                "value3": 0.0
            },
            "value1": {
                "value0": -3.814536186919071e-11,
                "value1": 0.9999996423721314,
                "value2": -0.0008726119995117188,
                "value3": 0.0
            },
            "value2": {
                "value0": -3.3286111226268208e-14,
                "value1": 0.0008726119995117188,
                "value2": 0.9999996423721314,
                "value3": 0.0
            },
            "value3": {
                "value0": -21.40830421447754,
                "value1": -2.7509989738464357,
                "value2": 0.002400430850684643,
                "value3": 1.0
            }
        },
        "forwardDir": 0.0,
        "rightDir": 0.0
    }
}